00080,7,6
00090,7,6
00100,7,6
00110,7,6
00120,7,6
00130,7,6
00140,7,6
00150,7,6
00160,7,6
00170,7,6
00180,7,6
00190,7,6
00200,7,6
00210,7,6
00220,7,6
00230,7,6
00240,7,6
00250,2,2
00300,7,6
00390,7,6
00420,7,6
00430,7,6
00440,7,6
00450,7,6
00460,7,6
00470,7,6
00550,7,6
00560,7,6
00570,2,13
00570,7,6
00580,2,13
00590,7,6
00620,7,6
00630,7,6
00660,7,6
00670,7,6
00680,7,6
00690,7,6
00700,7,6
00710,7,6
00720,7,6
00730,7,6
00740,7,6
00750,7,6
00760,7,6
00770,7,6
00780,7,6
00790,7,6
00800,7,6
00810,7,6
00820,7,6
00830,7,6
00840,7,6
00850,7,6
00860,7,6
00870,7,6
00880,7,6
00890,7,6
00900,7,6
00910,7,6
00920,7,6
00930,7,6
00940,7,6
00950,7,6
00960,7,6
00970,7,6
00980,7,6
00990,7,6
01000,7,6
01010,7,6
01020,7,6
01030,7,6
01040,7,6
01050,7,6
01060,7,6
01070,7,6
01080,7,6
01090,7,6
01100,7,6
01110,7,6
01120,7,6
01130,7,6
01160,7,6
01200,2,17
01200,7,6
01210,7,6
01220,7,6
01230,7,6
01240,7,6
01250,7,6
01260,7,6
01270,7,6
01310,7,6
01320,7,6
01690,7,23
01730,34,23
01730,34,30
01740,34,23
01740,34,30
01750,34,23
01750,34,30
01760,34,23
01760,34,30
01770,34,23
01770,34,30
01780,34,30
02650,41,49
02660,41,49
02660,2,49
02700,2,49
02720,2,49
02920,7,53
02930,7,53
02940,7,53
02950,7,53
02950,52,50
02960,7,53
02960,52,50
02970,52,50
02980,41,50
02980,52,50
02990,7,53
02990,41,50
03020,41,50
03030,41,50
03050,7,53
03060,7,53
03070,7,53
03080,7,53
03090,7,53
03090,2,50
03100,7,53
03110,7,53
03120,7,53
03170,7,53
03170,2,50
03180,7,53
03190,7,53
03220,7,53
03240,7,53
03250,7,53
03260,7,53
03270,7,53
03280,7,53
03290,7,53
03300,7,53
03310,7,53
03320,7,53
03330,7,53
03340,7,53
03350,7,53
03420,7,53
03430,7,53
03440,7,53
03450,7,53
03460,7,53
03480,7,53
03490,7,53
03500,7,53
03510,7,53
03520,7,53
03530,7,53
03540,7,53
03550,7,53
03560,7,53
03570,7,53
03580,7,53
03590,7,53
03600,7,53
03610,7,53
03620,7,53
03630,7,53
03640,7,53
03650,7,53
03660,7,53
03670,7,53
03680,7,53
03690,7,53
03700,7,53
03710,7,53
03720,7,53
03730,7,53
03740,7,53
03750,7,53
03760,7,53
03770,7,53
03780,7,53
03790,7,53
03800,7,53
03810,7,53
03820,7,53
03830,7,53
03840,7,53
03850,7,53
03860,7,53
03870,7,53
03880,7,53
03890,7,53
03900,7,53
03910,7,53
03920,7,53
03930,7,53
03940,7,53
03950,7,53
03960,7,53
04000,7,53
04010,7,53
04020,7,53
04030,7,53
04040,7,53
04050,7,53
04060,7,53
04070,7,53
04080,7,53
04090,7,53
04100,7,53
04110,7,53
04120,7,53
04260,7,53
04270,7,53
04280,7,53
04290,7,53
04310,7,53
04320,7,53
04330,7,53
04340,7,53
04350,7,53
04390,7,53
04850,7,76
04860,7,76
05040,7,76
05050,7,76
05060,7,76
05080,7,76
05090,7,76
05140,7,76
05190,7,76
05200,7,76
05230,7,76
05350,7,76
05360,7,76
05390,7,76
05960,91,76
05970,91,76
05980,91,76
05990,91,76
06000,91,76
06200,91,76
06220,91,76
06230,91,76
06240,91,76
06280,91,76
06290,91,76
06300,91,76
06330,91,76
06500,94,76
06620,94,76
06820,102,76
07620,102,66
07630,102,66
07630,2,105
07640,102,66
07640,2,105
07650,2,105
07660,2,105
07670,2,105
07680,2,105
07700,2,105
07730,2,105
07730,102,66
07740,2,105
07750,2,105
07760,41,108
07760,2,105
07820,41,108
07860,41,108
07900,41,108
08350,112,117
08360,112,117
08400,112,117
08410,112,117
08430,112,117
08440,112,117
08650,41,126
08650,112,125
08650,112,126
08710,122,124
08940,122,124
08950,122,124
08980,41,105
09000,41,126
09020,122,124
09050,102,124
09060,41,146
09240,41,149
09280,41,146
09390,41,150
09400,41,150
09530,102,124
09540,122,124
09550,122,124
09560,102,124
09610,102,66
09670,122,124
09680,122,124
09730,122,124
09740,122,124
09750,122,124
09800,122,124
09810,122,124
09820,122,124
09830,122,124
09840,122,124
09850,122,124
09870,122,124
09880,122,124
09890,122,124
09900,122,124
09910,122,124
09920,122,124
09930,122,124
09940,122,124
09950,122,124
09960,122,124
09970,122,124
09980,122,124
09990,102,124
10000,102,124
10010,122,124
10020,122,124
10030,102,124
10040,102,124
10040,122,124
10050,122,124
10060,122,124
10070,122,124
10080,122,124
10090,122,124
10100,122,124
10110,122,124
10120,122,124
10130,122,124
10140,122,124
10150,122,124
10170,122,124
10210,102,124
10220,122,124
10230,122,124
10230,102,124
10240,122,124
10250,102,124
10260,122,124
10270,122,124
10270,102,124
10280,122,124
10290,122,124
10300,122,124
10310,122,124
10320,122,124
10330,122,124
10340,122,124
10350,122,124
10360,122,124
10370,122,124
10380,122,124
10390,122,124
10400,122,124
10410,102,124
10420,102,124
10430,102,124
10440,102,124
10450,102,124
10460,102,124
10470,102,124
10480,102,124
10490,102,124
10500,102,124
10510,102,124
10520,102,124
10530,102,124
10540,102,124
10550,102,124
10560,102,124
10570,102,124
10580,102,124
10590,102,124
10600,102,124
10610,102,124
10620,102,124
10630,102,124
10640,102,124
10650,102,124
10660,102,124
10670,102,124
10700,102,66
10720,102,66
11660,173,1
12280,173,178
12290,173,178
12300,173,178
12320,173,178
12330,173,178
12550,173,179
12560,173,179
14880,102,190
14890,102,190
15250,194,201
15260,194,201
15280,197,201
15300,194,190
15300,194,201
15340,197,190
15380,197,201
15390,197,201
15410,197,201
15420,197,201
15460,194,201
15480,194,201
15510,194,201
15520,194,201
15530,194,201
15540,194,201
15550,194,201
15560,194,201
15570,194,201
15580,194,201
15590,194,201
15640,194,201
15650,194,201
15660,194,201
15670,194,201
15710,194,201
15720,194,201
15730,194,201
15740,194,201
15750,194,201
15760,194,201
15820,194,201
15840,194,201
15850,194,201
15860,194,201
15880,194,201
15890,194,201
15910,194,201
15940,194,201
16120,214,201
16130,214,201
16160,214,201
16170,214,201
16180,214,201
16190,214,201
16200,214,201
16240,214,201
16250,214,201
16260,214,201
16270,214,201
16280,214,201
16290,214,201
16310,214,201
16330,214,201
16350,214,201
16360,214,201
16370,214,201
16380,214,201
16390,214,201
16400,214,201
16490,219,201
16510,219,201
16520,219,201
16630,219,201
16750,219,201
16790,214,201
16800,214,201
16830,219,201
16840,219,201
16850,219,201
16860,219,201
16870,219,201
16880,219,201
16900,219,201
16910,219,201
16920,219,201
16930,219,201
16940,219,201
16950,219,201
16970,219,201
16980,219,201
16990,219,201
17000,219,201
17010,219,201
17020,219,201
17030,219,201
17040,219,201
17250,219,201
17260,219,201
17280,219,201
17370,219,201
17390,219,201
17420,219,201
17430,219,201
17450,219,201
17460,219,201
17470,219,201
17480,219,201
17490,219,201
17500,219,201
17510,219,201
17530,219,201
17540,219,201
17610,219,201
17670,219,201
17680,219,201
17690,219,201
17710,219,201
17720,219,201
17730,219,201
17740,219,201
17750,219,201
17760,219,201
17770,219,201
17780,219,201
17790,219,201
17800,219,201
17810,219,201
17820,219,201
17830,219,201
17840,219,201
17850,219,201
17860,219,201
17940,219,201
17950,219,201
17960,219,201
17970,219,201
17980,219,201
17990,219,201
18000,219,201
18010,219,201
18020,219,201
18090,219,201
18140,219,201
18250,232,201
18260,232,201
18340,219,201
18350,219,201
18360,219,201
18370,219,201
18380,219,201
18450,219,201
18460,219,201
18470,219,201
18480,219,201
18490,219,201
18500,219,201
18510,219,201
18520,219,201
18530,219,201
18540,219,201
18550,219,201
18560,219,201
18570,219,201
18580,219,201
18590,219,201
18600,219,201
18610,219,201
18620,219,201
18630,219,201
18640,219,201
18650,219,201
18660,219,201
18670,219,201
18680,219,201
18720,219,201
18730,219,201
18740,219,201
18790,219,201
18800,219,201
18820,219,201
18830,219,201
18840,219,201
18850,219,201
18860,219,201
18900,219,201
18960,219,201
19030,219,201
19040,219,201
19120,238,201
19130,238,201
19160,238,201
19220,219,201
19230,219,201
19240,238,201
19260,238,201
19270,238,201
19280,238,201
19290,238,201
19560,219,201
19570,219,201
20140,219,201
20150,219,201
20160,219,201
20220,219,201
20230,219,201
20240,219,201
20750,219,201
20790,219,201
20800,219,201
21410,219,201
21420,219,201
21650,219,201
21660,219,201
21670,219,201
21690,219,201
21770,219,201
21780,219,201
21790,219,201
21890,219,201
21900,219,201
21910,219,201
21940,219,201
22030,219,201
22040,219,201
22060,219,201
22070,219,201
22200,219,201
22220,219,201
22230,219,190
22230,219,201
22240,219,201
22260,219,201
22450,219,201
22460,219,201
22470,219,201
22500,219,201
22510,219,201
22520,219,201
22530,219,201
22540,219,190
22540,219,201
22550,219,201
22570,219,201
22580,219,201
22590,219,201
22600,219,201
22610,219,201
22630,219,201
22640,219,201
22650,219,201
22660,219,201
22670,219,201
22680,219,201
22690,219,201
22700,219,201
22710,219,201
22720,219,201
22730,219,201
22740,219,201
22750,219,201
22760,219,201
22770,219,201
22780,219,201
22790,219,201
22800,219,201
22810,219,201
22820,219,201
22830,219,201
22840,219,201
22850,219,201
22860,219,201
22870,219,201
22880,219,201
22890,219,201
22900,219,201
22930,219,201
22940,219,201
22950,219,201
23000,219,201
23110,219,201
23120,219,201
23130,219,201
23140,219,201
23260,219,201
23310,219,201
23320,219,201
23330,219,201
23340,219,201
23510,219,201
23560,219,201
23610,219,201
23650,219,201
23660,219,201
23670,219,201
23680,219,201
23840,219,201
23850,219,201
23860,219,201
23870,219,201
23890,219,201
23900,219,201
23910,219,201
23920,219,201
23950,219,201
23960,219,201
23970,219,201
24240,219,201
24250,219,201
24260,219,201
24270,219,201
24670,219,201
24760,219,201
24940,219,201
25170,219,190
25170,219,201
25180,219,190
25180,219,201
25430,219,201
25440,219,201
25450,219,201
25460,219,201
25470,219,201
25480,219,201
25730,219,201
25740,219,201
25750,219,201
25760,219,201
25770,219,201
25780,219,201
25790,219,201
25820,219,190
25830,219,190
25910,219,201
25930,219,201
25950,219,201
25960,219,201
25970,219,201
25980,219,201
26090,219,201
26100,219,201
26110,219,201
26120,219,201
26130,219,201
26150,219,201
26170,219,201
26220,219,201
26240,219,201
26250,219,201
26260,219,201
26270,219,201
26280,219,201
26290,219,201
26300,219,201
26310,219,201
26320,219,201
26650,219,201
26660,219,201
26930,219,201
26940,219,201
26950,219,201
26960,219,201
26970,219,201
26980,219,201
26990,219,201
27000,219,201
27010,219,201
27020,219,201
27030,219,201
27040,219,201
27190,219,201
27310,219,201
27330,219,201
27350,219,201
27360,219,201
27370,219,201
27380,219,201
27560,219,201
27650,219,201
27700,219,201
27970,219,201
27990,219,201
28040,219,201
28250,281,190
28490,219,201
28500,219,201
28510,219,201
28530,219,201
28540,219,201
28570,219,201
28600,219,201
28620,219,201
28660,219,201
28920,219,201
28930,219,201
28940,219,201
28970,219,190
28970,219,201
28980,219,201
28990,219,201
29060,219,201
29070,219,201
29090,219,201
29240,219,201
29260,219,201
29270,219,201
29290,219,201
29300,219,201
29310,219,201
29420,219,201
29430,219,201
29440,219,201
29450,219,201
29460,219,190
29540,219,201
29550,219,201
29560,219,201
29570,219,201
32650,219,307
32660,219,307
32720,219,305
32750,219,307
32760,219,307
32770,219,307
32780,219,307
32790,219,307
32800,219,307
32810,219,307
32900,219,307
32920,219,307
33030,219,307
33040,219,305
33040,219,307
33050,219,305
33050,219,307
33060,219,307
33130,219,307
33140,219,307
33150,219,307
33160,219,307
33170,219,307
33200,219,307
33260,219,307
33270,219,307
33280,219,307
33290,219,307
33470,314,307
33480,314,307
33670,314,305
33670,314,307
33730,314,305
33730,314,307
33750,314,307
33760,314,307
33770,314,307
33780,314,307
33810,314,307
33820,314,307
33830,314,307
33870,314,307
33900,314,307
33920,314,307
33930,314,307
33940,314,307
33950,314,307
33960,314,307
33970,314,307
33980,314,307
33990,314,307
34000,314,307
34010,314,307
34020,314,307
34080,314,307
34110,314,307
34130,314,307
34210,314,307
34220,314,307
34230,314,307
34240,314,307
34250,314,307
34270,314,307
34290,314,307
34300,314,307
34310,314,307
34320,314,307
34330,314,307
34340,314,307
34350,314,307
34360,314,307
34370,314,307
34380,314,307
34390,314,307
34470,314,307
34650,325,307
34700,314,305
34700,314,307
34710,314,307
34720,314,307
34730,314,307
34740,314,307
34800,325,307
34890,314,307
35010,314,307
35030,314,307
35050,325,307
35070,325,307
35090,314,307
35090,325,305
35090,325,307
35100,325,307
35110,325,307
35130,314,307
35230,314,307
35240,314,307
35250,314,307
35260,314,307
35280,314,0
35450,331,0
35500,327,0