00080,00:02,7,6,phone
00090,00:03,7,6,phone
00100,00:03,7,6,phone
00110,00:03,7,6,phone
00120,00:04,7,6,phone
00130,00:04,7,6,phone
00140,00:04,7,6,phone
00150,00:05,7,6,phone
00160,00:05,7,6,phone
00170,00:05,7,6,phone
00180,00:06,7,6,phone
00190,00:06,7,6,phone
00200,00:06,7,6,phone
00210,00:07,7,6,phone
00220,00:07,7,6,phone
00230,00:07,7,6,phone
00240,00:08,7,6,phone
00250,00:08,2,2,phone
00300,00:10,7,6,phone
00390,00:13,7,6,phone
00420,00:14,7,6,phone
00430,00:14,7,6,phone
00440,00:14,7,6,phone
00450,00:15,7,6,phone
00460,00:15,7,6,phone
00470,00:15,7,6,phone
00550,00:18,7,6,phone
00560,00:18,7,6,phone
00570,00:19,2,13,phone
00570,00:19,7,6,phone
00580,00:19,2,13,phone
00590,00:19,7,6,phone
00620,00:20,7,6,phone
00630,00:21,7,6,phone
00660,00:22,7,6,phone
00670,00:22,7,6,phone
00680,00:22,7,6,phone
00690,00:23,7,6,phone
00700,00:23,7,6,phone
00710,00:23,7,6,phone
00720,00:24,7,6,phone
00730,00:24,7,6,phone
00740,00:24,7,6,phone
00750,00:25,7,6,phone
00760,00:25,7,6,phone
00770,00:25,7,6,phone
00780,00:26,7,6,phone
00790,00:26,7,6,phone
00800,00:26,7,6,phone
00810,00:27,7,6,phone
00820,00:27,7,6,phone
00830,00:27,7,6,phone
00840,00:28,7,6,phone
00850,00:28,7,6,phone
00860,00:28,7,6,phone
00870,00:29,7,6,phone
00880,00:29,7,6,phone
00890,00:29,7,6,phone
00900,00:30,7,6,phone
00910,00:30,7,6,phone
00920,00:30,7,6,phone
00930,00:31,7,6,phone
00940,00:31,7,6,phone
00950,00:31,7,6,phone
00960,00:32,7,6,phone
00970,00:32,7,6,phone
00980,00:32,7,6,phone
00990,00:33,7,6,phone
01000,00:33,7,6,phone
01010,00:33,7,6,phone
01020,00:34,7,6,phone
01030,00:34,7,6,phone
01040,00:34,7,6,phone
01050,00:35,7,6,phone
01060,00:35,7,6,phone
01070,00:35,7,6,phone
01080,00:36,7,6,phone
01090,00:36,7,6,phone
01100,00:36,7,6,phone
01110,00:37,7,6,phone
01120,00:37,7,6,phone
01130,00:37,7,6,phone
01160,00:38,7,6,phone
01200,00:40,2,17,phone
01200,00:40,7,6,phone
01210,00:40,7,6,phone
01220,00:40,7,6,phone
01230,00:41,7,6,phone
01240,00:41,7,6,phone
01250,00:41,7,6,phone
01260,00:42,7,6,phone
01270,00:42,7,6,phone
01310,00:43,7,6,phone
01320,00:44,7,6,phone
01690,00:56,7,23,phone
01730,00:57,34,23,phone
01730,00:57,34,30,phone
01740,00:58,34,23,phone
01740,00:58,34,30,phone
01750,00:58,34,23,phone
01750,00:58,34,30,phone
01760,00:58,34,23,phone
01760,00:58,34,30,phone
01770,00:59,34,23,phone
01770,00:59,34,30,phone
01780,00:59,34,30,phone
02650,01:28,41,49,phone
02660,01:28,41,49,phone
02660,01:28,2,49,phone
02700,01:30,2,49,phone
02720,01:30,2,49,phone
02920,01:37,7,53,phone
02930,01:37,7,53,phone
02940,01:38,7,53,phone
02950,01:38,7,53,phone
02950,01:38,52,50,phone
02960,01:38,7,53,phone
02960,01:38,52,50,phone
02970,01:39,52,50,phone
02980,01:39,41,50,phone
02980,01:39,52,50,phone
02990,01:39,7,53,phone
02990,01:39,41,50,phone
03020,01:40,41,50,phone
03030,01:41,41,50,phone
03050,01:41,7,53,phone
03060,01:42,7,53,phone
03070,01:42,7,53,phone
03080,01:42,7,53,phone
03090,01:43,7,53,phone
03090,01:43,2,50,phone
03100,01:43,7,53,phone
03110,01:43,7,53,phone
03120,01:44,7,53,phone
03170,01:45,7,53,phone
03170,01:45,2,50,phone
03180,01:46,7,53,phone
03190,01:46,7,53,phone
03220,01:47,7,53,phone
03240,01:48,7,53,phone
03250,01:48,7,53,phone
03260,01:48,7,53,phone
03270,01:49,7,53,phone
03280,01:49,7,53,phone
03290,01:49,7,53,phone
03300,01:50,7,53,phone
03310,01:50,7,53,phone
03320,01:50,7,53,phone
03330,01:51,7,53,phone
03340,01:51,7,53,phone
03350,01:51,7,53,phone
03420,01:54,7,53,phone
03430,01:54,7,53,phone
03440,01:54,7,53,phone
03450,01:55,7,53,phone
03460,01:55,7,53,phone
03480,01:56,7,53,phone
03490,01:56,7,53,phone
03500,01:56,7,53,phone
03510,01:57,7,53,phone
03520,01:57,7,53,phone
03530,01:57,7,53,phone
03540,01:58,7,53,phone
03550,01:58,7,53,phone
03560,01:58,7,53,phone
03570,01:59,7,53,phone
03580,01:59,7,53,phone
03590,01:59,7,53,phone
03600,02:00,7,53,phone
03610,02:00,7,53,phone
03620,02:00,7,53,phone
03630,02:01,7,53,phone
03640,02:01,7,53,phone
03650,02:01,7,53,phone
03660,02:02,7,53,phone
03670,02:02,7,53,phone
03680,02:02,7,53,phone
03690,02:03,7,53,phone
03700,02:03,7,53,phone
03710,02:03,7,53,phone
03720,02:04,7,53,phone
03730,02:04,7,53,phone
03740,02:04,7,53,phone
03750,02:05,7,53,phone
03760,02:05,7,53,phone
03770,02:05,7,53,phone
03780,02:06,7,53,phone
03790,02:06,7,53,phone
03800,02:06,7,53,phone
03810,02:07,7,53,phone
03820,02:07,7,53,phone
03830,02:07,7,53,phone
03840,02:08,7,53,phone
03850,02:08,7,53,phone
03860,02:08,7,53,phone
03870,02:09,7,53,phone
03880,02:09,7,53,phone
03890,02:09,7,53,phone
03900,02:10,7,53,phone
03910,02:10,7,53,phone
03920,02:10,7,53,phone
03930,02:11,7,53,phone
03940,02:11,7,53,phone
03950,02:11,7,53,phone
03960,02:12,7,53,phone
04000,02:13,7,53,phone
04010,02:13,7,53,phone
04020,02:14,7,53,phone
04030,02:14,7,53,phone
04040,02:14,7,53,phone
04050,02:15,7,53,phone
04060,02:15,7,53,phone
04070,02:15,7,53,phone
04080,02:16,7,53,phone
04090,02:16,7,53,phone
04100,02:16,7,53,phone
04110,02:17,7,53,phone
04120,02:17,7,53,phone
04260,02:22,7,53,phone
04270,02:22,7,53,phone
04280,02:22,7,53,phone
04290,02:23,7,53,phone
04310,02:23,7,53,phone
04320,02:24,7,53,phone
04330,02:24,7,53,phone
04340,02:24,7,53,phone
04350,02:25,7,53,phone
04390,02:26,7,53,phone
04850,02:41,7,76,phone
04860,02:42,7,76,phone
05040,02:48,7,76,phone
05050,02:48,7,76,phone
05060,02:48,7,76,phone
05080,02:49,7,76,phone
05090,02:49,7,76,phone
05140,02:51,7,76,phone
05190,02:53,7,76,phone
05200,02:53,7,76,phone
05230,02:54,7,76,phone
05350,02:58,7,76,phone
05360,02:58,7,76,phone
05390,02:59,7,76,phone
05960,03:18,91,76,phone
05970,03:19,91,76,phone
05980,03:19,91,76,phone
05990,03:19,91,76,phone
06000,03:20,91,76,phone
06200,03:26,91,76,phone
06220,03:27,91,76,phone
06230,03:27,91,76,phone
06240,03:28,91,76,phone
06280,03:29,91,76,phone
06290,03:29,91,76,phone
06300,03:30,91,76,phone
06330,03:31,91,76,phone
06500,03:36,94,76,phone
06620,03:40,94,76,phone
06820,03:47,102,76,phone
07620,04:14,102,66,phone
07630,04:14,102,66,phone
07630,04:14,2,105,phone
07640,04:14,102,66,phone
07640,04:14,2,105,phone
07650,04:15,2,105,phone
07660,04:15,2,105,phone
07670,04:15,2,105,phone
07680,04:16,2,105,phone
07700,04:16,2,105,phone
07730,04:17,2,105,phone
07730,04:17,102,66,phone
07740,04:18,2,105,phone
07750,04:18,2,105,phone
07760,04:18,41,108,phone
07760,04:18,2,105,phone
07820,04:20,41,108,phone
07860,04:22,41,108,phone
07900,04:23,41,108,phone
08350,04:38,112,117,phone
08360,04:38,112,117,phone
08400,04:40,112,117,phone
08410,04:40,112,117,phone
08430,04:41,112,117,phone
08440,04:41,112,117,phone
08650,04:48,41,126,phone
08650,04:48,112,125,phone
08650,04:48,112,126,phone
08710,04:50,122,124,phone
08940,04:58,122,124,phone
08950,04:58,122,124,phone
08980,04:59,41,105,phone
09000,05:00,41,126,phone
09020,05:00,122,124,phone
09050,05:01,102,124,phone
09060,05:02,41,146,phone
09240,05:08,41,149,phone
09280,05:09,41,146,phone
09390,05:13,41,150,phone
09400,05:13,41,150,phone
09530,05:17,102,124,phone
09540,05:18,122,124,phone
09550,05:18,122,124,phone
09560,05:18,102,124,phone
09610,05:20,102,66,phone
09670,05:22,122,124,phone
09680,05:22,122,124,phone
09730,05:24,122,124,phone
09740,05:24,122,124,phone
09750,05:25,122,124,phone
09800,05:26,122,124,phone
09810,05:27,122,124,phone
09820,05:27,122,124,phone
09830,05:27,122,124,phone
09840,05:28,122,124,phone
09850,05:28,122,124,phone
09870,05:29,122,124,phone
09880,05:29,122,124,phone
09890,05:29,122,124,phone
09900,05:30,122,124,phone
09910,05:30,122,124,phone
09920,05:30,122,124,phone
09930,05:31,122,124,phone
09940,05:31,122,124,phone
09950,05:31,122,124,phone
09960,05:32,122,124,phone
09970,05:32,122,124,phone
09980,05:32,122,124,phone
09990,05:33,102,124,phone
10000,05:33,102,124,phone
10010,05:33,122,124,phone
10020,05:34,122,124,phone
10030,05:34,102,124,phone
10040,05:34,102,124,phone
10040,05:34,122,124,phone
10050,05:35,122,124,phone
10060,05:35,122,124,phone
10070,05:35,122,124,phone
10080,05:36,122,124,phone
10090,05:36,122,124,phone
10100,05:36,122,124,phone
10110,05:37,122,124,phone
10120,05:37,122,124,phone
10130,05:37,122,124,phone
10140,05:38,122,124,phone
10150,05:38,122,124,phone
10170,05:39,122,124,phone
10210,05:40,102,124,phone
10220,05:40,122,124,phone
10230,05:41,122,124,phone
10230,05:41,102,124,phone
10240,05:41,122,124,phone
10250,05:41,102,124,phone
10260,05:42,122,124,phone
10270,05:42,122,124,phone
10270,05:42,102,124,phone
10280,05:42,122,124,phone
10290,05:43,122,124,phone
10300,05:43,122,124,phone
10310,05:43,122,124,phone
10320,05:44,122,124,phone
10330,05:44,122,124,phone
10340,05:44,122,124,phone
10350,05:45,122,124,phone
10360,05:45,122,124,phone
10370,05:45,122,124,phone
10380,05:46,122,124,phone
10390,05:46,122,124,phone
10400,05:46,122,124,phone
10410,05:47,102,124,phone
10420,05:47,102,124,phone
10430,05:47,102,124,phone
10440,05:48,102,124,phone
10450,05:48,102,124,phone
10460,05:48,102,124,phone
10470,05:49,102,124,phone
10480,05:49,102,124,phone
10490,05:49,102,124,phone
10500,05:50,102,124,phone
10510,05:50,102,124,phone
10520,05:50,102,124,phone
10530,05:51,102,124,phone
10540,05:51,102,124,phone
10550,05:51,102,124,phone
10560,05:52,102,124,phone
10570,05:52,102,124,phone
10580,05:52,102,124,phone
10590,05:53,102,124,phone
10600,05:53,102,124,phone
10610,05:53,102,124,phone
10620,05:54,102,124,phone
10630,05:54,102,124,phone
10640,05:54,102,124,phone
10650,05:55,102,124,phone
10660,05:55,102,124,phone
10670,05:55,102,124,phone
10700,05:56,102,66,phone
10720,05:57,102,66,phone
11660,06:28,173,1,phone
12280,06:49,173,178,phone
12290,06:49,173,178,phone
12300,06:50,173,178,phone
12320,06:50,173,178,phone
12330,06:51,173,178,phone
12550,06:58,173,179,phone
12560,06:58,173,179,phone
14880,08:16,102,190,phone
14890,08:16,102,190,phone
15250,08:28,194,201,phone
15260,08:28,194,201,phone
15280,08:29,197,201,phone
15300,08:30,194,190,phone
15300,08:30,194,201,phone
15340,08:31,197,190,phone
15380,08:32,197,201,phone
15390,08:33,197,201,phone
15410,08:33,197,201,phone
15420,08:34,197,201,phone
15460,08:35,194,201,phone
15480,08:36,194,201,phone
15510,08:37,194,201,phone
15520,08:37,194,201,phone
15530,08:37,194,201,phone
15540,08:38,194,201,phone
15550,08:38,194,201,phone
15560,08:38,194,201,phone
15570,08:39,194,201,phone
15580,08:39,194,201,phone
15590,08:39,194,201,phone
15640,08:41,194,201,phone
15650,08:41,194,201,phone
15660,08:42,194,201,phone
15670,08:42,194,201,phone
15710,08:43,194,201,phone
15720,08:44,194,201,phone
15730,08:44,194,201,phone
15740,08:44,194,201,phone
15750,08:45,194,201,phone
15760,08:45,194,201,phone
15820,08:47,194,201,phone
15840,08:48,194,201,phone
15850,08:48,194,201,phone
15860,08:48,194,201,phone
15880,08:49,194,201,phone
15890,08:49,194,201,phone
15910,08:50,194,201,phone
15940,08:51,194,201,phone
16120,08:57,214,201,phone
16130,08:57,214,201,phone
16160,08:58,214,201,phone
16170,08:59,214,201,phone
16180,08:59,214,201,phone
16190,08:59,214,201,phone
16200,09:00,214,201,phone
16240,09:01,214,201,phone
16250,09:01,214,201,phone
16260,09:02,214,201,phone
16270,09:02,214,201,phone
16280,09:02,214,201,phone
16290,09:03,214,201,phone
16310,09:03,214,201,phone
16330,09:04,214,201,phone
16350,09:05,214,201,phone
16360,09:05,214,201,phone
16370,09:05,214,201,phone
16380,09:06,214,201,phone
16390,09:06,214,201,phone
16400,09:06,214,201,phone
16490,09:09,219,201,phone
16510,09:10,219,201,phone
16520,09:10,219,201,phone
16630,09:14,219,201,phone
16750,09:18,219,201,phone
16790,09:19,214,201,phone
16800,09:20,214,201,phone
16830,09:21,219,201,phone
16840,09:21,219,201,phone
16850,09:21,219,201,phone
16860,09:22,219,201,phone
16870,09:22,219,201,phone
16880,09:22,219,201,phone
16900,09:23,219,201,phone
16910,09:23,219,201,phone
16920,09:24,219,201,phone
16930,09:24,219,201,phone
16940,09:24,219,201,phone
16950,09:25,219,201,phone
16970,09:25,219,201,phone
16980,09:26,219,201,phone
16990,09:26,219,201,phone
17000,09:26,219,201,phone
17010,09:27,219,201,phone
17020,09:27,219,201,phone
17030,09:27,219,201,phone
17040,09:28,219,201,phone
17250,09:35,219,201,phone
17260,09:35,219,201,phone
17280,09:36,219,201,phone
17370,09:39,219,201,phone
17390,09:39,219,201,phone
17420,09:40,219,201,phone
17430,09:41,219,201,phone
17450,09:41,219,201,phone
17460,09:42,219,201,phone
17470,09:42,219,201,phone
17480,09:42,219,201,phone
17490,09:43,219,201,phone
17500,09:43,219,201,phone
17510,09:43,219,201,phone
17530,09:44,219,201,phone
17540,09:44,219,201,phone
17610,09:47,219,201,phone
17670,09:49,219,201,phone
17680,09:49,219,201,phone
17690,09:49,219,201,phone
17710,09:50,219,201,phone
17720,09:50,219,201,phone
17730,09:51,219,201,phone
17740,09:51,219,201,phone
17750,09:51,219,201,phone
17760,09:52,219,201,phone
17770,09:52,219,201,phone
17780,09:52,219,201,phone
17790,09:53,219,201,phone
17800,09:53,219,201,phone
17810,09:53,219,201,phone
17820,09:54,219,201,phone
17830,09:54,219,201,phone
17840,09:54,219,201,phone
17850,09:55,219,201,phone
17860,09:55,219,201,phone
17940,09:58,219,201,phone
17950,09:58,219,201,phone
17960,09:58,219,201,phone
17970,09:59,219,201,phone
17980,09:59,219,201,phone
17990,09:59,219,201,phone
18000,10:00,219,201,phone
18010,10:00,219,201,phone
18020,10:00,219,201,phone
18090,10:03,219,201,phone
18140,10:04,219,201,phone
18250,10:08,232,201,phone
18260,10:08,232,201,phone
18340,10:11,219,201,phone
18350,10:11,219,201,phone
18360,10:12,219,201,phone
18370,10:12,219,201,phone
18380,10:12,219,201,phone
18450,10:15,219,201,phone
18460,10:15,219,201,phone
18470,10:15,219,201,phone
18480,10:16,219,201,phone
18490,10:16,219,201,phone
18500,10:16,219,201,phone
18510,10:17,219,201,phone
18520,10:17,219,201,phone
18530,10:17,219,201,phone
18540,10:18,219,201,phone
18550,10:18,219,201,phone
18560,10:18,219,201,phone
18570,10:19,219,201,phone
18580,10:19,219,201,phone
18590,10:19,219,201,phone
18600,10:20,219,201,phone
18610,10:20,219,201,phone
18620,10:20,219,201,phone
18630,10:21,219,201,phone
18640,10:21,219,201,phone
18650,10:21,219,201,phone
18660,10:22,219,201,phone
18670,10:22,219,201,phone
18680,10:22,219,201,phone
18720,10:24,219,201,phone
18730,10:24,219,201,phone
18740,10:24,219,201,phone
18790,10:26,219,201,phone
18800,10:26,219,201,phone
18820,10:27,219,201,phone
18830,10:27,219,201,phone
18840,10:28,219,201,phone
18850,10:28,219,201,phone
18860,10:28,219,201,phone
18900,10:30,219,201,phone
18960,10:32,219,201,phone
19030,10:34,219,201,phone
19040,10:34,219,201,phone
19120,10:37,238,201,phone
19130,10:37,238,201,phone
19160,10:38,238,201,phone
19220,10:40,219,201,phone
19230,10:41,219,201,phone
19240,10:41,238,201,phone
19260,10:42,238,201,phone
19270,10:42,238,201,phone
19280,10:42,238,201,phone
19290,10:43,238,201,phone
19560,10:52,219,201,phone
19570,10:52,219,201,phone
20140,11:11,219,201,phone
20150,11:11,219,201,phone
20160,11:12,219,201,phone
20220,11:14,219,201,phone
20230,11:14,219,201,phone
20240,11:14,219,201,phone
20750,11:31,219,201,phone
20790,11:33,219,201,phone
20800,11:33,219,201,phone
21410,11:53,219,201,phone
21420,11:54,219,201,phone
21650,12:01,219,201,phone
21660,12:02,219,201,phone
21670,12:02,219,201,phone
21690,12:03,219,201,phone
21770,12:05,219,201,phone
21780,12:06,219,201,phone
21790,12:06,219,201,phone
21890,12:09,219,201,phone
21900,12:10,219,201,phone
21910,12:10,219,201,phone
21940,12:11,219,201,phone
22030,12:14,219,201,phone
22040,12:14,219,201,phone
22060,12:15,219,201,phone
22070,12:15,219,201,phone
22200,12:20,219,201,phone
22220,12:20,219,201,phone
22230,12:21,219,190,phone
22230,12:21,219,201,phone
22240,12:21,219,201,phone
22260,12:22,219,201,phone
22450,12:28,219,201,phone
22460,12:28,219,201,phone
22470,12:29,219,201,phone
22500,12:30,219,201,phone
22510,12:30,219,201,phone
22520,12:30,219,201,phone
22530,12:31,219,201,phone
22540,12:31,219,190,phone
22540,12:31,219,201,phone
22550,12:31,219,201,phone
22570,12:32,219,201,phone
22580,12:32,219,201,phone
22590,12:33,219,201,phone
22600,12:33,219,201,phone
22610,12:33,219,201,phone
22630,12:34,219,201,phone
22640,12:34,219,201,phone
22650,12:35,219,201,phone
22660,12:35,219,201,phone
22670,12:35,219,201,phone
22680,12:36,219,201,phone
22690,12:36,219,201,phone
22700,12:36,219,201,phone
22710,12:37,219,201,phone
22720,12:37,219,201,phone
22730,12:37,219,201,phone
22740,12:38,219,201,phone
22750,12:38,219,201,phone
22760,12:38,219,201,phone
22770,12:39,219,201,phone
22780,12:39,219,201,phone
22790,12:39,219,201,phone
22800,12:40,219,201,phone
22810,12:40,219,201,phone
22820,12:40,219,201,phone
22830,12:41,219,201,phone
22840,12:41,219,201,phone
22850,12:41,219,201,phone
22860,12:42,219,201,phone
22870,12:42,219,201,phone
22880,12:42,219,201,phone
22890,12:43,219,201,phone
22900,12:43,219,201,phone
22930,12:44,219,201,phone
22940,12:44,219,201,phone
22950,12:45,219,201,phone
23000,12:46,219,201,phone
23110,12:50,219,201,phone
23120,12:50,219,201,phone
23130,12:51,219,201,phone
23140,12:51,219,201,phone
23260,12:55,219,201,phone
23310,12:57,219,201,phone
23320,12:57,219,201,phone
23330,12:57,219,201,phone
23340,12:58,219,201,phone
23510,13:03,219,201,phone
23560,13:05,219,201,phone
23610,13:07,219,201,phone
23650,13:08,219,201,phone
23660,13:08,219,201,phone
23670,13:09,219,201,phone
23680,13:09,219,201,phone
23840,13:14,219,201,phone
23850,13:15,219,201,phone
23860,13:15,219,201,phone
23870,13:15,219,201,phone
23890,13:16,219,201,phone
23900,13:16,219,201,phone
23910,13:17,219,201,phone
23920,13:17,219,201,phone
23950,13:18,219,201,phone
23960,13:18,219,201,phone
23970,13:19,219,201,phone
24240,13:28,219,201,phone
24250,13:28,219,201,phone
24260,13:28,219,201,phone
24270,13:29,219,201,phone
24670,13:42,219,201,phone
24760,13:45,219,201,phone
24940,13:51,219,201,phone
25170,13:59,219,190,phone
25170,13:59,219,201,phone
25180,13:59,219,190,phone
25180,13:59,219,201,phone
25430,14:07,219,201,phone
25440,14:08,219,201,phone
25450,14:08,219,201,phone
25460,14:08,219,201,phone
25470,14:09,219,201,phone
25480,14:09,219,201,phone
25730,14:17,219,201,phone
25740,14:18,219,201,phone
25750,14:18,219,201,phone
25760,14:18,219,201,phone
25770,14:19,219,201,phone
25780,14:19,219,201,phone
25790,14:19,219,201,phone
25820,14:20,219,190,phone
25830,14:21,219,190,phone
25910,14:23,219,201,phone
25930,14:24,219,201,phone
25950,14:25,219,201,phone
25960,14:25,219,201,phone
25970,14:25,219,201,phone
25980,14:26,219,201,phone
26090,14:29,219,201,phone
26100,14:30,219,201,phone
26110,14:30,219,201,phone
26120,14:30,219,201,phone
26130,14:31,219,201,phone
26150,14:31,219,201,phone
26170,14:32,219,201,phone
26220,14:34,219,201,phone
26240,14:34,219,201,phone
26250,14:35,219,201,phone
26260,14:35,219,201,phone
26270,14:35,219,201,phone
26280,14:36,219,201,phone
26290,14:36,219,201,phone
26300,14:36,219,201,phone
26310,14:37,219,201,phone
26320,14:37,219,201,phone
26650,14:48,219,201,phone
26660,14:48,219,201,phone
26930,14:57,219,201,phone
26940,14:58,219,201,phone
26950,14:58,219,201,phone
26960,14:58,219,201,phone
26970,14:59,219,201,phone
26980,14:59,219,201,phone
26990,14:59,219,201,phone
27000,15:00,219,201,phone
27010,15:00,219,201,phone
27020,15:00,219,201,phone
27030,15:01,219,201,phone
27040,15:01,219,201,phone
27190,15:06,219,201,phone
27310,15:10,219,201,phone
27330,15:11,219,201,phone
27350,15:11,219,201,phone
27360,15:12,219,201,phone
27370,15:12,219,201,phone
27380,15:12,219,201,phone
27560,15:18,219,201,phone
27650,15:21,219,201,phone
27700,15:23,219,201,phone
27970,15:32,219,201,phone
27990,15:33,219,201,phone
28040,15:34,219,201,phone
28250,15:41,281,190,phone
28490,15:49,219,201,phone
28500,15:50,219,201,phone
28510,15:50,219,201,phone
28530,15:51,219,201,phone
28540,15:51,219,201,phone
28570,15:52,219,201,phone
28600,15:53,219,201,phone
28620,15:54,219,201,phone
28660,15:55,219,201,phone
28920,16:04,219,201,phone
28930,16:04,219,201,phone
28940,16:04,219,201,phone
28970,16:05,219,190,phone
28970,16:05,219,201,phone
28980,16:06,219,201,phone
28990,16:06,219,201,phone
29060,16:08,219,201,phone
29070,16:09,219,201,phone
29090,16:09,219,201,phone
29240,16:14,219,201,phone
29260,16:15,219,201,phone
29270,16:15,219,201,phone
29290,16:16,219,201,phone
29300,16:16,219,201,phone
29310,16:17,219,201,phone
29420,16:20,219,201,phone
29430,16:21,219,201,phone
29440,16:21,219,201,phone
29450,16:21,219,201,phone
29460,16:22,219,190,phone
29540,16:24,219,201,phone
29550,16:25,219,201,phone
29560,16:25,219,201,phone
29570,16:25,219,201,phone
32650,18:08,219,307,phone
32660,18:08,219,307,phone
32720,18:10,219,305,phone
32750,18:11,219,307,phone
32760,18:12,219,307,phone
32770,18:12,219,307,phone
32780,18:12,219,307,phone
32790,18:13,219,307,phone
32800,18:13,219,307,phone
32810,18:13,219,307,phone
32900,18:16,219,307,phone
32920,18:17,219,307,phone
33030,18:21,219,307,phone
33040,18:21,219,305,phone
33040,18:21,219,307,phone
33050,18:21,219,305,phone
33050,18:21,219,307,phone
33060,18:22,219,307,phone
33130,18:24,219,307,phone
33140,18:24,219,307,phone
33150,18:25,219,307,phone
33160,18:25,219,307,phone
33170,18:25,219,307,phone
33200,18:26,219,307,phone
33260,18:28,219,307,phone
33270,18:29,219,307,phone
33280,18:29,219,307,phone
33290,18:29,219,307,phone
33470,18:35,314,307,phone
33480,18:36,314,307,phone
33670,18:42,314,305,phone
33670,18:42,314,307,phone
33730,18:44,314,305,phone
33730,18:44,314,307,phone
33750,18:45,314,307,phone
33760,18:45,314,307,phone
33770,18:45,314,307,phone
33780,18:46,314,307,phone
33810,18:47,314,307,phone
33820,18:47,314,307,phone
33830,18:47,314,307,phone
33870,18:49,314,307,phone
33900,18:50,314,307,phone
33920,18:50,314,307,phone
33930,18:51,314,307,phone
33940,18:51,314,307,phone
33950,18:51,314,307,phone
33960,18:52,314,307,phone
33970,18:52,314,307,phone
33980,18:52,314,307,phone
33990,18:53,314,307,phone
34000,18:53,314,307,phone
34010,18:53,314,307,phone
34020,18:54,314,307,phone
34080,18:56,314,307,phone
34110,18:57,314,307,phone
34130,18:57,314,307,phone
34210,19:00,314,307,phone
34220,19:00,314,307,phone
34230,19:01,314,307,phone
34240,19:01,314,307,phone
34250,19:01,314,307,phone
34270,19:02,314,307,phone
34290,19:03,314,307,phone
34300,19:03,314,307,phone
34310,19:03,314,307,phone
34320,19:04,314,307,phone
34330,19:04,314,307,phone
34340,19:04,314,307,phone
34350,19:05,314,307,phone
34360,19:05,314,307,phone
34370,19:05,314,307,phone
34380,19:06,314,307,phone
34390,19:06,314,307,phone
34470,19:09,314,307,phone
34650,19:15,325,307,phone
34700,19:16,314,305,phone
34700,19:16,314,307,phone
34710,19:17,314,307,phone
34720,19:17,314,307,phone
34730,19:17,314,307,phone
34740,19:18,314,307,phone
34800,19:20,325,307,phone
34890,19:23,314,307,phone
35010,19:27,314,307,phone
35030,19:27,314,307,phone
35050,19:28,325,307,phone
35070,19:29,325,307,phone
35090,19:29,314,307,phone
35090,19:29,325,305,phone
35090,19:29,325,307,phone
35100,19:30,325,307,phone
35110,19:30,325,307,phone
35130,19:31,314,307,phone
35230,19:34,314,307,phone
35240,19:34,314,307,phone
35250,19:35,314,307,phone
35260,19:35,314,307,phone
35280,19:36,314,0,phone
35450,19:41,331,0,phone
35500,19:43,327,0,phone
